# CIE 1931 2 degree observer and D65, sampled at 10 nm; see SOURCES.md.
wavelengthNM,x,y,z,illuminant
400,0.014310,0.000396,0.067850,82.754900
410,0.043510,0.001210,0.207400,91.486000
420,0.134380,0.004000,0.645600,93.431800
430,0.283900,0.011600,1.385600,86.682300
440,0.348280,0.023000,1.747060,104.865000
450,0.336200,0.038000,1.772110,117.008000
460,0.290800,0.060000,1.669200,117.812000
470,0.195360,0.090980,1.287640,114.861000
480,0.095640,0.139020,0.812950,115.923000
490,0.032010,0.208020,0.465180,108.811000
500,0.004900,0.323000,0.272000,109.354000
510,0.009300,0.503000,0.158200,107.802000
520,0.063270,0.710000,0.078250,104.790000
530,0.165500,0.862000,0.042160,107.689000
540,0.290400,0.954000,0.020300,104.405000
550,0.433450,0.994950,0.008750,104.046000
560,0.594500,0.995000,0.003900,100.000000
570,0.762100,0.952000,0.002100,96.334200
580,0.916300,0.870000,0.001650,95.788000
590,1.026300,0.757000,0.001100,88.685600
600,1.062200,0.631000,0.000800,90.006200
610,1.002600,0.503000,0.000340,89.599100
620,0.854450,0.381000,0.000190,87.698700
630,0.642400,0.265000,0.000050,83.288600
640,0.447900,0.175000,0.000020,83.699200
650,0.283500,0.107000,0.000000,80.026800
660,0.164900,0.061000,0.000000,80.214600
670,0.087400,0.032000,0.000000,82.277800
680,0.046770,0.017000,0.000000,78.284200
690,0.022700,0.008210,0.000000,69.721300
700,0.011359,0.004102,0.000000,71.609100
